Gizela,Nintendo64,770,288
Ileane,Der Ger�t,279,223
Debbie,New Era Cappy,69,327
Ingeberg,Pferdekalender,756,614
Odelinda,Nintendo64,581,251
Mordecai,Keyboard,183,802
Barbie,Schuhe,249,633
Curran,Fernsteuerauto,653,703
Glynnis,Fernseher,829,219
Eward,Simba-L�we,764,794
Shelby,Jojo,732,983
Bertram,Tischkicker,77,830
Mireille,Frisbee,965,481
Mickie,Geld,84,772
Parnell,Geld,226,779
Louella,Seife,570,955
Frank,Rubix Cube,261,946
Armin,Gamepad,963,549
Crystie,Socken,444,921
Norma,Puppe,11,44
Lorne,Eisenbahn,239,621
Cesya,Nintendo64,662,456
Reider,Mundharmonika,803,769
Belle,Seife,432,877
Darryl,C++ f�r Einsteiger,933,403
Jobina,Dartscheibe,378,388
Paloma,Socken,188,138
Wilmar,Fernsteuerauto,321,783
Hendrika,Gitarre,183,173
Denys,Thermobecher,274,484
Joy,4Gewinnt,15,108
Freida,Ebook-Reader,156,722
Barbee,Intelligente Knete,674,437
Jaquith,Gitarre,782,672
Julie,C++ f�r Einsteiger,618,890
Nerita,Seife,325,516
Imelda,Schuhe,184,162
Clarisse,Schuhe,477,881
Gar,Murmelbahn,214,149
Tully,Laptop,90,816
Jessi,Intelligente Knete,440,35
Lars,Schlauchschal,356,621
Quincey,Schlauchschal,172,768
Cecilia,Schuhe,351,425
Olin,Tageslichtwecker,599,108
Corissa,Fernseher,42,534
Joyce,Frisbee,627,550
Daryl,Geld,417,16
Sigismund,Murmelbahn,51,766
Lisette,New Era Cappy,217,125
Nessi,Der Ger�t,629,496
Magdalena,Dartscheibe,60,516
Meredithe,Pferdekalender,550,553
Filippo,XXL Library,928,701
Claudian,Murmelbahn,284,992
Muffin,Roter Hut,234,606
Lucas,Tageslichtwecker,423,940
Smitty,XXL Library,380,837
Heindrick,Laptop,668,349
Doyle,Stoffkatze,724,779
Alexandros,Tageslichtwecker,920,468
Leon,Laptop,245,762
Corney,Keyboard,213,678
Jeanna,Ebook-Reader,789,199
Gabriel,Spielzeugauto,328,942
Anna-diane,Milchaufsch�umer,666,946
Goldarina,Intelligente Knete,948,942
Lora,Der Ger�t,491,477
Ali,XXL Library,640,512
Evonne,Milchaufsch�umer,266,434
Sherlocke,Stoffkatze,447,404
Angie,Kopfh�rer,629,304
Murvyn,Tageslichtwecker,701,207
Ellis,Handtasche,39,647
Rocky,Kaffeemaschine,41,825
Mohandas,Fotoalbum,438,802
Trumaine,SNES,936,787
Bonny,Fu�ball,23,970
Boyd,Monopoly,652,148
Aloysius,Monopoly,550,898
Maisey,Ebook-Reader,752,421
Carina,Baukl�tze,578,613
Nobe,Tageslichtwecker,502,345
Mireille,Frisbee,873,822
Charles,Parf�m,318,106
Ragnar,Fernsteuerauto,901,659
Billie,Jojo,865,983
Coleen,Seife,599,515
Bobbette,Frisbee,801,786
Claresta,Baukl�tze,223,972
Krissie,Seife,992,160
Dory,Smartphone,633,821
Adria,Puppe,300,813
Neill,Jojo,850,780
Isabelle,Skateboard,679,449
Mic,SNES,215,116
Marget,Milchaufsch�umer,233,450
Bondy,XXL Library,882,475
Ches,Tischkicker,865,452
Morly,Puzzle,135,930
Damiano,Kopfh�rer,516,78
Krissie,Seife,190,197
Muffin,Roter Hut,962,629
Neddie,Schlauchschal,505,194
Anderea,Puppe,531,356
Demetris,4Gewinnt,289,841
Dilly,SNES,9,924
Lacy,Fu�ball,548,767
Dalt,Schlauchschal,611,113
Margalit,Fernseher,672,95
Marcela,C++ f�r Einsteiger,394,855
Les,Gamepad,507,870
Babs,Skateboard,735,971
Jacinda,New Era Cappy,627,390
Shamus,Geld,867,131
Paolina,Intelligente Knete,771,608
Juergen,SNES,266,72
Thorsten,Murmelbahn,436,636
Norrie,Pferdekalender,697,361
Cherri,C++ f�r Einsteiger,342,86
Bentlee,Spielzeugauto,651,944
Mark,Mundharmonika,364,896
Eward,Simba-L�we,716,595
Margaux,Frisbee,679,754
Burtie,Schlauchschal,66,273
Claudine,Taschenlampe,28,879
Ashley,Eisenbahn,910,618
Shem,Kaffeemaschine,352,986
Neilla,Nintendo64,300,159
Emalia,Der Ger�t,772,977
Chadd,Fernsteuerauto,75,36
Flint,Gamepad,511,158
Carleen,Intelligente Knete,91,563
Gerrie,Nintendo64,455,881
Auria,Thermobecher,485,990
Karim,Kopfh�rer,208,315
Pandora,Fernseher,448,787
Gan,Geld,913,907
Lotty,Dartscheibe,498,78
Morgen,Parf�m,665,119
Cully,Stoffkatze,756,687
Lawton,Kaffeemaschine,627,197
Jamil,Tischkicker,959,457
Esme,Parf�m,643,13
Alonso,Schlauchschal,14,133
Minda,Dartscheibe,363,941
Katie,Milchaufsch�umer,436,479
Chelsie,Thermobecher,72,473
Nichols,Rubix Cube,252,604
Ashlin,Parf�m,522,289
Lilas,Pferdekalender,675,689
Gregorio,Stoffkatze,654,56
Aldus,Kopfh�rer,301,489
Killy,SNES,938,906
Nilson,Handtasche,965,74
Elsworth,Stoffkatze,610,114
Pasquale,Tischkicker,970,494
Corrie,Parf�m,537,333
Andy,C++ f�r Einsteiger,257,329
Pammie,Der Ger�t,572,506
Mildrid,Fu�ball,958,66
Annalee,Fu�ball,757,149
Kelley,Keyboard,431,705
Ly,Mundharmonika,958,659
Wildon,Roter Hut,557,502
Calla,Ebook-Reader,425,51
Rurik,Tischkicker,352,462
Caitlin,Der Ger�t,347,455
Rog,XXL Library,835,740
Flor,Der Ger�t,578,917
Annadiana,Pferdekalender,353,662
Petr,Schlauchschal,481,199
Jacquenetta,Nintendo64,905,615
Finn,Laptop,896,869
Glory,Baukl�tze,674,994
Sigmund,Tischkicker,881,389
Kimberly,Seife,798,705
Nat,Schuhe,151,912
Marcela,C++ f�r Einsteiger,736,179
Edna,Fernseher,32,24
Marleen,Nintendo64,406,468
Glenda,Gitarre,72,874
Milzie,Smartphone,208,999
Kessia,Pferdekalender,606,696
Joye,New Era Cappy,175,121
Jolee,Puppe,831,76
Ingmar,Keyboard,840,561
Janenna,Frisbee,450,112
Kerby,Jojo,951,131
Edgar,Stoffkatze,815,738
Evelina,Schuhe,263,50
Rogerio,Keyboard,581,886
Morgen,Baukl�tze,794,809
Chas,Geld,939,886
Elle,4Gewinnt,879,6
Shaun,Tischkicker,686,402
Edythe,Intelligente Knete,152,173
Ansel,Jojo,667,749
Edmund,Rubix Cube,535,504
Karoline,Puppe,214,303
Pacorro,Fotoalbum,220,205
Aldous,Schlauchschal,458,582
Mathilda,Smartphone,627,374
Madelle,Fu�ball,957,551
Horton,Fotoalbum,653,185
Beitris,Nintendo64,344,909
Lucien,Spielzeugauto,767,526
Odetta,Smartphone,591,413
Nehemiah,Kopfh�rer,563,196
Letisha,Seife,234,472
Randy,Tischkicker,256,491
Ketti,Fu�ball,257,544
Cori,Socken,279,216
Raffaello,Stoffkatze,287,436
Hakeem,Tageslichtwecker,842,695
Mano,Tageslichtwecker,903,410
Beverie,Frisbee,445,214
Jeralee,Gitarre,307,295
Bevin,Monopoly,987,290
Darsie,Smartphone,842,959
Felipa,Thermobecher,23,777
Giorgia,Taschenlampe,867,39
Kirby,Gamepad,34,846
Leoine,Taschenlampe,411,29
Jilli,Taschenlampe,432,630
Brenda,Seife,653,947
Lanette,C++ f�r Einsteiger,439,940
Tommie,Keyboard,428,602
Claiborn,Mundharmonika,490,51
Rabi,Handtasche,558,311
Kora,Eisenbahn,853,988
Irene,Smartphone,972,316
Ingaborg,Puppe,560,704
Bebe,Pferdekalender,734,419
Enrique,Kopfh�rer,531,629
Barby,Frisbee,231,711
Margeaux,New Era Cappy,839,449
Jedidiah,Mundharmonika,819,949
Freida,Ebook-Reader,279,286
Lela,4Gewinnt,739,600
Min,Gitarre,343,554
Arny,Roter Hut,450,203
Elisha,Baukl�tze,870,151
Marylee,Fu�ball,104,934
Ellissa,New Era Cappy,807,382
Amberly,Dartscheibe,294,769
Emilio,Parf�m,135,780
Steward,SNES,802,51
Gretna,Eisenbahn,655,195
Celestyna,Puppe,16,864
Lawton,Kaffeemaschine,131,314
Odetta,Smartphone,613,192
Hasheem,Tageslichtwecker,323,228
Etty,Dartscheibe,115,275
Hyman,Kopfh�rer,140,788
Barnie,Murmelbahn,822,861
Karalynn,Gitarre,754,688
Jessey,Stoffkatze,458,447
Dillie,Rubix Cube,545,795
Paddy,Stoffkatze,270,910
Bard,Mundharmonika,488,112
Derrek,Puzzle,834,480
Electra,Pferdekalender,325,23
Dyann,Taschenlampe,468,108
Markus,Parf�m,14,213
Bobbette,Frisbee,805,246
Marjy,Fu�ball,795,829
Chev,Schlauchschal,270,487
Dominica,Selbstgestrickter Pulli,72,944
Maggee,Seife,817,678
Corissa,Fernseher,664,238
Andrea,Fu�ball,982,476
Webster,Fernsteuerauto,308,309
Stu,Mundharmonika,314,273
Nester,Kaffeemaschine,765,103
Ody,Roter Hut,361,255
Kalil,Gamepad,308,400
Dorena,Intelligente Knete,489,987
Nomi,4Gewinnt,104,600
Rogerio,Keyboard,37,495
Nickolai,Keyboard,340,868
Arvie,Rubix Cube,964,13
Gertruda,Dartscheibe,446,208
Merci,Taschenlampe,636,594
Clarabelle,Skateboard,528,374
Hersh,Tageslichtwecker,708,565
Norbie,SNES,611,422
Goldarina,Intelligente Knete,149,902
Gage,SNES,276,739
Drusilla,Ebook-Reader,889,659
Mickie,Geld,532,595
Durant,Murmelbahn,148,992
Yankee,Rubix Cube,974,315
Pablo,Simba-L�we,585,794
Morey,Mundharmonika,884,931
Marcella,Smartphone,13,519
Gerrie,Nintendo64,45,786
Arel,Mundharmonika,254,649
Alain,SNES,876,189
Case,Monopoly,466,917
Marja,Taschenlampe,752,563
Earlie,Jojo,181,737
David,Tischkicker,729,973
Anthony,Handtasche,777,929
Alyce,New Era Cappy,355,492
Bibbye,Puppe,575,620
Carlita,New Era Cappy,165,44
Dani,Gitarre,153,719
Bord,Geld,295,983
Whittaker,Monopoly,26,746
Marwin,Roter Hut,487,109
Anetta,Gitarre,234,670
Lanita,Gitarre,902,894
Lauretta,Thermobecher,784,401
Emmalyn,Taschenlampe,722,871
Amara,Smartphone,216,456
Rip,Puzzle,713,735
Carmine,Laptop,911,793
Stephen,Stoffkatze,350,467
Janka,Eisenbahn,377,372
Mame,Pferdekalender,265,576
Stillman,XXL Library,731,941
Haven,Fernsteuerauto,328,463
Jocelin,Socken,631,663
Orelee,Fu�ball,436,416
Franciskus,Spielzeugauto,107,768
Noble,Fotoalbum,759,593
Kennan,Murmelbahn,244,812
Kippy,Fernseher,894,187
Henrie,Dartscheibe,708,179
Isac,Monopoly,517,947
Charlotta,Ebook-Reader,549,302
Andreas,Geld,798,496
Pauli,Puppe,730,755
Cliff,Spielzeugauto,636,874
Nilson,Handtasche,68,585
Allina,Smartphone,742,721
Brooke,Fotoalbum,89,613
Garvey,Spielzeugauto,514,466
Ashley,Eisenbahn,517,412
Cherianne,Pferdekalender,62,140
Karly,New Era Cappy,71,260
Chrysler,Pferdekalender,443,348
Lida,Thermobecher,924,928
Kassi,Smartphone,712,162
Dorey,Schuhe,457,427
Geri,Fotoalbum,127,431
Datha,Socken,951,229
Giraud,Kaffeemaschine,574,23
Nolly,Rubix Cube,675,296
Alano,Keyboard,455,181
Eileen,4Gewinnt,793,808
Lilas,Pferdekalender,173,877
Roth,Simba-L�we,659,522
Deb,Frisbee,626,735
Rufe,Geld,726,499
Benji,Kaffeemaschine,276,897
Gabrielle,Thermobecher,446,547
Eryn,Frisbee,50,63
Tadeo,Simba-L�we,406,280
Linn,Fernseher,437,319
Noak,Simba-L�we,312,540
Bancroft,SNES,606,830
Dorice,New Era Cappy,656,108
Lisette,New Era Cappy,969,427
Correna,Schuhe,41,986
Sumner,Laptop,404,402
Rory,Roter Hut,219,579
Caleb,Tageslichtwecker,181,502
Any,Spielzeugauto,703,725
Stern,Spielzeugauto,708,985
Way,Simba-L�we,507,163
Angel,Schlauchschal,590,178
Davida,Baukl�tze,445,34
June,Socken,476,41
Corby,Spielzeugauto,285,7
Joellen,4Gewinnt,598,46
Haslett,Stoffkatze,575,456
Claus,Gamepad,801,139
Lura,Puppe,301,157
Garner,Roter Hut,476,916
Neale,Murmelbahn,123,317
Kort,Kaffeemaschine,403,202
Lilias,Eisenbahn,563,233
Dani,Handtasche,921,275
Hetty,4Gewinnt,543,318
Lothario,Kopfh�rer,826,887
Harry,Roter Hut,906,434
Lyndsey,Gitarre,552,340
Etti,Gitarre,540,923
Loy,Kaffeemaschine,787,832
Jessy,Schuhe,694,94
Milicent,Eisenbahn,28,42
Abelard,Mundharmonika,5,313
Lizette,C++ f�r Einsteiger,129,785
Jesus,Spielzeugauto,657,624
Kimble,Keyboard,965,287
Pacorro,Fotoalbum,674,156
Maris,Frisbee,330,804
Agretha,Der Ger�t,156,12
Rafferty,Spielzeugauto,653,500
Brandyn,Stoffkatze,899,833
Kristi,Der Ger�t,23,181
Melina,Seife,456,169
Nerita,Seife,112,100
Pepillo,Parf�m,825,233
Thebault,Spielzeugauto,963,454
Nicoli,Puppe,171,972
Nadiya,Nintendo64,624,64
Clotilda,Smartphone,798,430
Hilda,Schuhe,594,726
Welby,SNES,563,761
Rab,Roter Hut,584,54
Doe,Thermobecher,716,884
Wilfrid,Kaffeemaschine,222,537
Mariana,Selbstgestrickter Pulli,258,625
Annmarie,Skateboard,254,934
Jay,Spielzeugauto,292,139
Osgood,Schlauchschal,961,184
Jo,SNES,323,70
Fredra,Fernseher,852,31
Marney,Seife,619,794
Maia,Baukl�tze,404,521
Lin,Gitarre,743,98
Doreen,Fernseher,575,597
Freda,Seife,684,398
Kermy,Handtasche,353,887
Berne,Laptop,350,198
Frayda,Dartscheibe,51,392
Tom,Rubix Cube,578,503
Sidney,Parf�m,886,69
Dotty,Seife,16,861
Joice,Taschenlampe,696,329
Berte,Selbstgestrickter Pulli,652,339
Richardo,Stoffkatze,391,479
Rip,Puzzle,713,502
Denys,Thermobecher,738,368
Jedidiah,Mundharmonika,939,129
Britte,Fu�ball,468,700
Tait,Fotoalbum,518,105
Kort,Kaffeemaschine,407,824
Andy,C++ f�r Einsteiger,755,744
Leonanie,Pferdekalender,425,882
Lyell,Parf�m,288,551
Borg,Murmelbahn,296,313
Kenny,Schlauchschal,856,84
Giuditta,Eisenbahn,708,995
Barnie,Murmelbahn,139,704
Ferd,Handtasche,350,940
Hobard,Tischkicker,792,73
Kingsley,Parf�m,228,492
Isiahi,Roter Hut,133,712
Edvard,Keyboard,937,860
Jeana,Baukl�tze,457,238
Nichole,Frisbee,326,157
Dyanne,Puppe,336,777
Marylee,Fu�ball,602,338
Morgan,Socken,911,232
Korney,Gitarre,438,174
Glendon,Stoffkatze,991,558
Brok,Kaffeemaschine,728,195
Leicester,Spielzeugauto,971,37
Corissa,Fernseher,509,824
Bruno,Fernsteuerauto,318,441
Ferne,Selbstgestrickter Pulli,618,334
Vinson,Simba-L�we,105,235
Hewet,Spielzeugauto,55,39
Joye,New Era Cappy,990,455
Sax,Kopfh�rer,605,892
Alfonso,Fernsteuerauto,660,745
Ives,Stoffkatze,435,750
Godiva,Ebook-Reader,672,367
Bobbette,Frisbee,75,305
Cathleen,Gitarre,480,217
Fletch,Murmelbahn,720,864
Derrek,Puzzle,507,926
Cobb,Keyboard,452,754
Jacintha,Milchaufsch�umer,698,711
Banky,XXL Library,294,531
Bev,Schlauchschal,778,966
Locke,Parf�m,419,486
Pincas,Fotoalbum,72,658
Pamella,Baukl�tze,770,906
Ingaborg,Puppe,15,274
Ludvig,Rubix Cube,85,725
Inger,Fu�ball,481,728
Lyell,Parf�m,784,641
Lonni,Baukl�tze,63,906
Clywd,XXL Library,918,670
Arvy,SNES,20,235
Lorrayne,Selbstgestrickter Pulli,758,978
Debora,Taschenlampe,674,700
Tucky,Mundharmonika,901,715
Clyde,SNES,697,654
Reginald,XXL Library,719,151
Billie,Jojo,673,5
Cyrille,Mundharmonika,809,590
Catharine,Selbstgestrickter Pulli,402,355
Natty,Puzzle,582,792
Debbie,New Era Cappy,240,597
Constanta,New Era Cappy,867,924
Siffre,Laptop,816,297
Godfree,SNES,516,691
Kylen,New Era Cappy,644,438
Llywellyn,Mundharmonika,406,974
Abe,Keyboard,754,823
Giulio,Simba-L�we,646,915
Elisha,Baukl�tze,498,677
Kaleena,Thermobecher,527,568
Bee,Selbstgestrickter Pulli,25,943
Marigold,Der Ger�t,236,260
Olive,Baukl�tze,794,436
Cherida,Fu�ball,187,667
Crystie,Socken,19,22
Letti,Skateboard,655,786
Gage,SNES,729,845
Leyla,Ebook-Reader,729,622
Merilee,Eisenbahn,950,550
Parke,Laptop,300,895
Noach,Kaffeemaschine,965,361
Joshia,Simba-L�we,878,862
Leena,Baukl�tze,185,431
Micheline,Frisbee,797,312
Anne-corinne,Nintendo64,745,466
Dev,Kopfh�rer,976,593
Kym,Thermobecher,433,181
Maxi,4Gewinnt,662,532
Alessandro,Handtasche,307,473
Barbara,Fernseher,950,212
Cesar,Stoffkatze,583,771
Jeniffer,Pferdekalender,335,64
Raimund,Rubix Cube,558,236
Aimee,Milchaufsch�umer,712,951
Bernelle,Milchaufsch�umer,869,286
Ella,Intelligente Knete,369,933
Bette-ann,Fernseher,640,492
Karen,Seife,243,84
Tremain,Handtasche,883,141
Farrel,Murmelbahn,125,910
Larine,Skateboard,634,299
Davida,Baukl�tze,878,844
Omar,Fernsteuerauto,689,158
Annetta,Gitarre,548,681
Robbert,Gamepad,811,678
Rand,Laptop,511,161
Lynnea,Baukl�tze,683,652
Travers,Jojo,728,754
Karee,Dartscheibe,343,937
Etti,Gitarre,254,858
Kristi,Der Ger�t,847,677
Erich,Simba-L�we,606,382
Kathleen,4Gewinnt,561,382
Cecile,4Gewinnt,540,948
Janot,Nintendo64,110,803
Ezechiel,Fotoalbum,489,78
Miguelita,Puppe,474,65
Christabel,Ebook-Reader,612,997
Agnella,Socken,25,949
Kattie,Fu�ball,480,243
Brand,Simba-L�we,401,389
Betta,Der Ger�t,899,166
Baron,Tischkicker,704,457
Fredericka,Baukl�tze,278,895
Katine,Thermobecher,290,441
Elva,Smartphone,811,27
Jolene,Pferdekalender,57,149
Drusilla,Ebook-Reader,305,254
Aldo,Gamepad,912,705
Jeffry,Geld,128,336
Derek,Laptop,223,209
Fredek,Gamepad,305,818
Rockie,Handtasche,663,172
Klarrisa,Pferdekalender,424,305
Bartolemo,Tageslichtwecker,502,150
Jock,Keyboard,690,801
Berke,SNES,277,130
Balduin,Fernsteuerauto,826,754
Abelard,Mundharmonika,460,169
Terrell,Jojo,849,439
Valentin,SNES,664,645
Marion,Keyboard,527,964
Diena,Der Ger�t,855,201
Allene,Nintendo64,211,762
Christal,Intelligente Knete,5,148
Cory,Geld,341,424
Lorita,Fu�ball,640,798
Nedi,Eisenbahn,961,290
Netta,Ebook-Reader,164,868
Renaud,Schlauchschal,538,604
Domingo,Puzzle,542,815
La verne,Puppe,5,663
Rodolphe,Rubix Cube,596,930
Hal,Fotoalbum,561,195
Joannes,Smartphone,147,433
Caresa,Gitarre,196,275
Conn,Monopoly,785,332
Rickert,SNES,52,530
Marget,Milchaufsch�umer,141,470
Lena,Frisbee,612,131
Ellis,Handtasche,899,952
Chancey,Keyboard,72,197
Jo ann,Fu�ball,987,834
Keriann,New Era Cappy,228,467
Claresta,Baukl�tze,114,673
Austina,Fu�ball,221,49
Morgen,Parf�m,581,997
Jennifer,C++ f�r Einsteiger,382,156
Skyler,Fernsteuerauto,497,919
Cariotta,Der Ger�t,810,545
Morlee,Geld,186,851
Ab,Spielzeugauto,693,689
Amabelle,Pferdekalender,750,388
Cathi,Smartphone,152,438
Baillie,Stoffkatze,38,576
Maureen,Baukl�tze,681,924
Nomi,4Gewinnt,161,511
Kissiah,New Era Cappy,568,791
Elianore,Gitarre,765,145
Annissa,Socken,783,526
Yvor,Murmelbahn,775,660
Neysa,Schuhe,483,533
Amby,Fernsteuerauto,782,807
Lavina,Eisenbahn,501,411
Brynna,Dartscheibe,190,63
Delia,Seife,129,501
Eleanora,Puppe,281,972
Kippie,Tischkicker,111,973
Delphinia,Ebook-Reader,253,293
Elva,Smartphone,395,613
Edin,Skateboard,119,394
Florella,Ebook-Reader,677,281
Patrica,Schuhe,653,497
Maxine,Schuhe,402,19
Jinny,Pferdekalender,236,163
Gallagher,Mundharmonika,821,450
Hobey,Gamepad,626,55
Curt,SNES,23,949
Katrinka,Pferdekalender,523,530
Stanislaus,Kopfh�rer,1000,648
Levey,Kopfh�rer,404,127
Duky,Parf�m,320,314
Avrom,Handtasche,206,358
Hagan,Kaffeemaschine,755,157
Lauretta,Thermobecher,213,382
Chan,XXL Library,741,990
Hermione,Der Ger�t,243,829
Jaquelin,C++ f�r Einsteiger,200,893
Matias,Fotoalbum,178,785
Armin,Gamepad,495,581
Kirby,Gamepad,166,184
Evvy,Thermobecher,513,480
Chucho,SNES,400,838
Lona,Socken,359,272
Allys,Skateboard,223,764
Daisy,Pferdekalender,557,800
Fredericka,Baukl�tze,386,758
Leupold,Monopoly,324,714
Mark,Mundharmonika,245,811
Leonora,Eisenbahn,597,851
Brennan,XXL Library,107,106
Merwin,Fernsteuerauto,749,538
Ricki,XXL Library,19,816
Christoforo,Fotoalbum,993,503
Hanan,Parf�m,553,698
Mannie,Simba-L�we,544,225
Kelby,SNES,800,199
Colly,Fernseher,988,290
Gigi,Baukl�tze,140,190
Brocky,Kopfh�rer,807,329
Nicko,XXL Library,371,66
Osmund,Monopoly,175,761
Jacinda,New Era Cappy,884,286
Mia,Fernseher,997,244
Mac,Puzzle,16,201
Denys,Thermobecher,515,99
Innis,Laptop,431,114
Laurice,Puppe,797,147
Brandais,Eisenbahn,78,256
Nester,Kaffeemaschine,668,308
Heather,Schuhe,147,905
Odelle,C++ f�r Einsteiger,572,161
Brenden,Rubix Cube,985,780
Barnett,Puzzle,85,347
Loy,Kaffeemaschine,38,492
Jard,Kopfh�rer,287,336
Craig,Monopoly,917,864
Darryl,Laptop,569,308
Karylin,Selbstgestrickter Pulli,840,567
Loren,Tischkicker,154,944
Lucia,Der Ger�t,992,46
Melodee,Frisbee,910,640
Charity,Skateboard,118,463
Dorena,Intelligente Knete,733,65
Meridith,Fu�ball,615,811
Rollie,Puzzle,461,834
Barty,Stoffkatze,916,462
Riley,Parf�m,741,318
Bennett,Tageslichtwecker,186,845
Colly,Fernseher,343,41
Frank,C++ f�r Einsteiger,310,389
Leland,Schuhe,737,321
Rodd,Simba-L�we,166,97
Misty,Puppe,526,989
Kelsey,Mundharmonika,535,216
Monroe,Fernsteuerauto,459,514
Lucie,Fernseher,492,435
Happy,Gitarre,328,336
Rube,Rubix Cube,743,41
Eli,Gamepad,436,454
Hobard,Tischkicker,832,241
Crosby,Kaffeemaschine,955,434
Chicky,Jojo,711,347
Bartolemo,Tageslichtwecker,50,91
Todd,Spielzeugauto,192,494
Elmer,Simba-L�we,298,244
Eolanda,Gitarre,995,12
Burk,Puzzle,296,292
Patsy,New Era Cappy,626,230
Andros,Tischkicker,408,313
Miquela,Ebook-Reader,315,615
Kimberly,Seife,732,10
Cyrille,Mundharmonika,129,248
Hughie,XXL Library,670,241
Augusto,Tischkicker,333,6
Modestine,Fu�ball,872,857
Faye,Ebook-Reader,553,588
Weston,Murmelbahn,226,666
Aldous,Schlauchschal,844,640
Carolyn,Baukl�tze,927,546
Lombard,Geld,649,721
Lacey,Pferdekalender,97,918
Odelinda,Nintendo64,787,808
Candace,Pferdekalender,440,763
Lilllie,C++ f�r Einsteiger,277,829
Darryl,C++ f�r Einsteiger,867,684
Kinna,Baukl�tze,138,436
Bradley,Roter Hut,475,795
Jorry,Socken,625,717
Edlin,Fernsteuerauto,329,482
Maggee,Seife,339,294
Gregoor,Fotoalbum,414,451
Gerome,Fernsteuerauto,827,55
Sarge,Geld,956,253
Adena,Frisbee,888,289
Edithe,Der Ger�t,484,741
Mechelle,Taschenlampe,857,865
Iggy,Kaffeemaschine,642,894
Cordula,C++ f�r Einsteiger,833,299
Weider,Rubix Cube,242,424
Belva,Socken,385,222
Agneta,Baukl�tze,734,588
Hayward,SNES,944,603
Cookie,Taschenlampe,913,945
Nicky,Milchaufsch�umer,602,108
Ole,Simba-L�we,295,988
Chelsea,Milchaufsch�umer,187,51
Laird,Keyboard,205,218
Hersch,Simba-L�we,65,295
Hastings,Spielzeugauto,459,489
Arny,Roter Hut,642,274
Malvin,Handtasche,229,349
Helli,C++ f�r Einsteiger,581,829
Alan,XXL Library,737,669
Maribel,C++ f�r Einsteiger,136,317
Jeri,Dartscheibe,475,408
Fitzgerald,Geld,955,345
Lynna,Skateboard,314,438
Wade,Rubix Cube,846,0
Cobby,Mundharmonika,916,182
Leigh,Fernsteuerauto,826,837
Hildegaard,New Era Cappy,436,707
Elwira,Dartscheibe,31,200
Christopher,Spielzeugauto,415,757
Tynan,Tischkicker,172,844
Drusi,Fernseher,359,331
Georgie,Handtasche,295,490
Caz,Handtasche,160,323
Ennis,Schlauchschal,526,902
Chrysler,Pferdekalender,559,846
Chane,Mundharmonika,700,224
Lilla,Selbstgestrickter Pulli,898,161
Val,Fernsteuerauto,10,278
Thaddeus,Kaffeemaschine,509,907
Brandise,C++ f�r Einsteiger,701,2
Aurel,New Era Cappy,940,562
Abelard,Mundharmonika,936,653
Claudio,Tischkicker,217,928
Demetris,4Gewinnt,379,505
Drew,Spielzeugauto,492,298
Teodorico,Schlauchschal,954,12
Christos,Fernsteuerauto,52,303
Wayland,Tageslichtwecker,698,373
Kathryne,Frisbee,865,400
Izzy,Fernsteuerauto,461,764
Marie-ann,Dartscheibe,229,548
Rodger,Spielzeugauto,98,583
Lizzy,Smartphone,30,933
Laureen,Frisbee,553,392
Darline,Selbstgestrickter Pulli,950,423
Karlan,Jojo,45,720
Eleni,Eisenbahn,501,267
Cristen,C++ f�r Einsteiger,229,538
Dorthea,C++ f�r Einsteiger,949,375
Lem,SNES,430,700
Earvin,Roter Hut,547,724
Charis,Seife,560,801
Dur,Puzzle,130,897
Maynard,Gamepad,276,534
Elaine,New Era Cappy,62,98
Di,Smartphone,336,416
Marigold,Der Ger�t,242,906
Thaddeus,Kaffeemaschine,843,962
Di,Smartphone,410,139
Pryce,Geld,842,672
Lucie,Fernseher,530,795
Maitilde,Intelligente Knete,232,433
Roddy,Tageslichtwecker,659,30
Fidelity,Smartphone,93,799
Lorinda,Pferdekalender,41,349
Charlie,Laptop,79,123
Coletta,Socken,518,533
Oliy,Fernseher,503,569
Hill,Keyboard,953,863
Aimee,Milchaufsch�umer,551,804
Gino,Jojo,419,857
Ly,Mundharmonika,682,17
Jules,XXL Library,779,893
Katerina,Socken,368,744
Eleanora,Puppe,557,284
Merline,Smartphone,101,601
Isidora,Der Ger�t,14,778
Alfi,Ebook-Reader,497,401
Hazel,4Gewinnt,759,286
Harbert,Puzzle,595,824
Kathleen,4Gewinnt,390,968
Tom,Rubix Cube,551,412
Townie,Gamepad,901,555
Hubert,Fernsteuerauto,702,244
Thorndike,Laptop,774,16
Randi,Puzzle,589,759
Lorrie,Nintendo64,425,700
Elisha,Kopfh�rer,62,111
Kamillah,Selbstgestrickter Pulli,361,22
Lela,4Gewinnt,971,78
Barn,Parf�m,774,419
Devland,Jojo,237,676
Claiborn,Mundharmonika,434,854
Elsa,Fu�ball,989,309
Michelle,New Era Cappy,508,529
Ryon,Handtasche,450,188
Elisha,Kopfh�rer,705,949
Mitch,Kaffeemaschine,342,43
Glennie,Seife,424,662
Garrett,Simba-L�we,85,81
Joel,Laptop,661,389
Alwyn,Tageslichtwecker,552,112
Flory,Taschenlampe,133,184
Konstanze,Fu�ball,865,720
Monica,Gitarre,830,142
Kaylil,Gitarre,267,988
Meggy,Fu�ball,733,327
Hildegaard,New Era Cappy,241,385
Carr,Puzzle,816,553
Althea,4Gewinnt,792,742
Liesa,Taschenlampe,890,235
Joella,Intelligente Knete,796,463
Ole,Simba-L�we,181,717
Arvy,SNES,31,421
Florida,Frisbee,625,148
Orville,Murmelbahn,206,477
Reg,Fernsteuerauto,320,180
Wendell,Mundharmonika,559,83
Fidela,C++ f�r Einsteiger,192,57
Ty,Geld,514,156
Gus,Tischkicker,393,855
Kristan,Skateboard,884,853
Cristiano,Handtasche,863,199
Debra,Puppe,126,157
Frederico,Monopoly,599,474
Ronald,Monopoly,812,183
Ericha,Socken,954,455
Clementia,Pferdekalender,564,191
Averil,Kopfh�rer,894,996
Fonsie,Kopfh�rer,971,575
Kelsi,4Gewinnt,871,355
Anallese,New Era Cappy,743,232
Lynnett,Fernseher,645,580
Alanna,Eisenbahn,375,864
Cordell,Fernsteuerauto,969,925
Beniamino,Roter Hut,797,255
Bern,Mundharmonika,780,443
Gilbertine,Fernseher,984,803
Gerry,SNES,575,844
Barbey,4Gewinnt,672,865
Breanne,Smartphone,226,475
Emmalee,Thermobecher,780,87
Barbey,4Gewinnt,428,267
Leon,Laptop,366,463
Kary,Eisenbahn,656,989
Kristin,Fernseher,722,380
Carlo,Mundharmonika,369,97
Amberly,Dartscheibe,830,660
Drona,Skateboard,599,273
Kariotta,Fernseher,68,534
Tracy,Kopfh�rer,171,783
Izabel,Frisbee,858,341
Isidro,Kaffeemaschine,749,275
Loutitia,Skateboard,860,150
Grier,Selbstgestrickter Pulli,475,82
Delmar,Tageslichtwecker,984,306
Buffy,Seife,688,102
Gail,Pferdekalender,436,932
Winfield,XXL Library,557,247
Walton,Schlauchschal,538,125
Mauricio,Keyboard,597,618
Ailyn,New Era Cappy,20,636
Obadiah,Murmelbahn,599,735
Silvio,Kopfh�rer,872,431
Merv,Spielzeugauto,273,756
Corene,Dartscheibe,0,426
Johanna,New Era Cappy,175,843
Karee,Dartscheibe,83,799
Ruttger,Jojo,277,109
Quinton,Jojo,635,115
Reinwald,Puzzle,762,340
Dudley,SNES,152,686
Hilly,Geld,387,236
Kary,Eisenbahn,535,660
Hetty,4Gewinnt,277,377
Byram,Kopfh�rer,122,468
Corbet,Fotoalbum,61,135
Cher,Taschenlampe,700,533
Wally,Tischkicker,44,24
Grove,Keyboard,849,334
Berkie,XXL Library,173,519
Krystal,4Gewinnt,638,376
Claribel,Ebook-Reader,289,357
Emmye,Eisenbahn,511,53
Aleece,Smartphone,767,457
Derrik,Murmelbahn,357,705
Janie,Puppe,503,866
Alexine,Fernseher,863,998
Keith,Rubix Cube,662,215
Kamillah,Selbstgestrickter Pulli,627,961
Esme,Parf�m,716,439
Gothart,Puzzle,952,170
Avie,Nintendo64,526,622
Hazel,Keyboard,131,776
Nikolia,Nintendo64,950,808
Towny,Schlauchschal,995,86
Flynn,Monopoly,870,838
Jodi,Mundharmonika,337,778
Kirstyn,Frisbee,764,269
Hanna,Nintendo64,796,982
Ann,Frisbee,293,55
Anne-corinne,Nintendo64,585,740
Simeon,Jojo,877,652
Robert,Monopoly,560,340
Alberto,Puzzle,269,445
Leeann,Socken,68,591
Robby,Schlauchschal,508,244
Sheff,Monopoly,706,252
Wittie,Geld,42,727
Silvan,Schlauchschal,70,579
Patric,Monopoly,997,732
Karon,Pferdekalender,154,202
Lucien,Spielzeugauto,723,807
Jacquenetta,Nintendo64,88,392
Artemis,Tageslichtwecker,337,480
Donny,Socken,518,12
Dur,Puzzle,600,45
Helena,Eisenbahn,306,219
Carole,Seife,901,849
Julietta,Gitarre,880,426
Leigha,Ebook-Reader,839,956
Ardelis,Eisenbahn,773,47
Guinevere,Dartscheibe,487,513
Ellyn,Milchaufsch�umer,508,764
Granville,Kaffeemaschine,603,165
Wood,Tischkicker,465,64
Panchito,Keyboard,917,389
Fay,Fernseher,457,316
Dorita,Taschenlampe,1000,457
Rog,XXL Library,71,237
Gwyn,New Era Cappy,696,996
Raffaello,Stoffkatze,667,291
Jervis,Tageslichtwecker,861,446
Ann,Frisbee,325,162
Ethe,Puzzle,306,422
Bryana,Smartphone,547,147
Marylynne,Selbstgestrickter Pulli,495,679
Humfried,Laptop,205,312
Katine,Thermobecher,347,696
Juditha,Puppe,740,265
Augustin,Murmelbahn,321,903
Morey,Mundharmonika,669,862
Gillan,Intelligente Knete,728,331
Boot,Parf�m,927,258
Stephen,Stoffkatze,287,126
Kirsten,4Gewinnt,93,25
Fowler,Tageslichtwecker,852,328
Gun,Geld,676,942
Johnnie,Tischkicker,973,522
Kalina,Puppe,68,37
Cassandry,Thermobecher,528,608
Fidole,Spielzeugauto,485,562
Abbott,SNES,963,660
Jean,SNES,485,527
Jeramey,Gamepad,746,444
Burr,Gamepad,297,463
Aldrich,Monopoly,584,248
Midge,Thermobecher,506,826
Carmina,Nintendo64,87,995
Neila,Selbstgestrickter Pulli,73,958
Fredelia,Skateboard,332,354
Freeman,Handtasche,195,196
Fair,XXL Library,137,652
Kesley,Puppe,546,359
Purcell,Puzzle,125,865
Chloette,Baukl�tze,263,143
Avie,Nintendo64,15,275
Jard,Kopfh�rer,81,141
Clive,Rubix Cube,696,678
Karina,Der Ger�t,615,462
Delmor,Fotoalbum,983,529
Francesca,Eisenbahn,492,983
Kennan,Murmelbahn,518,260
Terence,Monopoly,482,125
Iona,Nintendo64,125,620
Sanders,Keyboard,880,126
Alisa,Puppe,18,868
Omar,Fernsteuerauto,854,572
Kiah,Nintendo64,229,971
Sampson,Rubix Cube,816,5
Banky,XXL Library,192,34
Sawyer,Monopoly,203,88
Kingston,Laptop,59,184
Barrie,New Era Cappy,170,610
Miranda,Schuhe,461,813
Euphemia,Baukl�tze,114,145
Lucius,Fernsteuerauto,850,123
Katusha,Eisenbahn,956,538
Kesley,Puppe,77,946
Corry,Thermobecher,923,338
Sonny,Laptop,936,903
Nancee,Dartscheibe,517,325
Hertha,Fernseher,821,51
Ira,C++ f�r Einsteiger,247,234
Mirabelle,4Gewinnt,706,817
Gusta,Baukl�tze,418,172
Cletis,Tageslichtwecker,293,834
Ofilia,Seife,443,49
Maia,Baukl�tze,256,861
Deerdre,Nintendo64,367,74
Georgina,Thermobecher,475,687
Jasun,Stoffkatze,234,571
Lona,Socken,896,995
Becka,Fu�ball,573,683
Madelena,Taschenlampe,279,687
Kinna,Baukl�tze,576,245
Jock,Keyboard,39,879
Fredek,Gamepad,347,593
Sumner,Laptop,312,613
Katherine,Ebook-Reader,993,175
Raviv,Kopfh�rer,986,860
Johny,Gamepad,789,479
Kissiah,New Era Cappy,106,436
Antoine,Kaffeemaschine,742,753
Maxi,4Gewinnt,97,864
Lillian,Nintendo64,949,10
Renard,Gamepad,289,200
Hetty,4Gewinnt,896,981
Kesley,Puppe,471,548
Creighton,Jojo,538,902
Carey,SNES,175,402
Nye,Puzzle,296,777
Xever,Tageslichtwecker,724,126
Gabriell,Milchaufsch�umer,931,794
Marris,Baukl�tze,758,926
Colas,Geld,575,987
Lucius,Fernsteuerauto,696,344
Cassie,Puppe,159,370
Arnoldo,Jojo,743,681
Atlante,Dartscheibe,252,630
Alan,XXL Library,626,236
Mathe,Simba-L�we,20,728
Ruttger,Jojo,169,690
Gabriel,Spielzeugauto,592,495
Daren,Fernsteuerauto,519,136
Norrie,Mundharmonika,411,214
Hartley,Handtasche,508,392
Judye,Pferdekalender,372,391
Yehudit,XXL Library,291,896
Ebenezer,Kaffeemaschine,273,852
Dell,Skateboard,218,388
Malcolm,Roter Hut,563,263
Bobinette,Taschenlampe,480,663
Herbert,Gamepad,4,347
Garfield,Jojo,472,781
Bevin,Monopoly,987,353
Emelen,Keyboard,221,497
Gina,Frisbee,925,52
Wilmar,Fernsteuerauto,929,903
Corbet,Fotoalbum,609,472
Elvyn,Fernsteuerauto,865,8
Lanita,Gitarre,185,558
Ellyn,Milchaufsch�umer,731,829
Jobi,Gitarre,112,115
Earlie,Jojo,398,953
Paloma,Socken,741,574
Orly,Nintendo64,293,443
Aldrich,Monopoly,114,961
Ardisj,Smartphone,821,418
Greta,Puppe,280,15
Che,Murmelbahn,499,98
Adelaida,Fernseher,349,143
Lawrence,Handtasche,987,453
Donnell,Kopfh�rer,100,190
Burg,Geld,57,54
Gretel,Fu�ball,842,443
Radcliffe,Kaffeemaschine,13,225
Nico,Parf�m,487,500
Barbie,Schuhe,952,157
Joanie,Nintendo64,144,603
Zechariah,Simba-L�we,821,820
Codie,Dartscheibe,620,421
Hendrika,Gitarre,733,367
Alfonso,Fernsteuerauto,603,2
Lynnett,Fernseher,826,410
Eran,Dartscheibe,145,976
Fleming,Puzzle,820,313
Julietta,Gitarre,468,698
Silvanus,Monopoly,430,432
Kimberly,Seife,650,117
Ulises,Jojo,827,666
Stanislaus,Kopfh�rer,64,907
Geno,Schlauchschal,496,712
Alberta,Selbstgestrickter Pulli,201,506
Addi,Skateboard,73,83
Trenton,Simba-L�we,815,513
Hartley,Handtasche,182,469
Osmund,Monopoly,497,320
Agnese,Skateboard,259,721
Marti,4Gewinnt,742,26
Romeo,Schlauchschal,935,769
Wittie,Geld,377,610
Diena,Der Ger�t,433,395
Wayne,Stoffkatze,811,945
Betteanne,Ebook-Reader,155,45
Johnathan,Murmelbahn,504,500
Drew,Spielzeugauto,501,250
Zach,Tischkicker,164,185
Marika,Fernseher,734,425
Morty,Monopoly,762,364
Gard,Tischkicker,207,35
Saunderson,Gamepad,72,38
Britte,Fu�ball,596,359
Merrielle,Seife,23,628
Seth,Keyboard,277,879
Gabriell,Milchaufsch�umer,565,278
Hillary,Mundharmonika,622,847
Ella,Intelligente Knete,874,228
Levy,Roter Hut,233,12
Kristan,Skateboard,348,674
Connie,4Gewinnt,891,141
Claus,Gamepad,9,45
Flss,Pferdekalender,640,345
Amii,Der Ger�t,973,473
Vidovic,Kopfh�rer,851,422
Madelyn,Eisenbahn,970,975
Decca,Roter Hut,64,842
Beulah,Schuhe,464,414
Kyla,Frisbee,997,667
Aggy,Seife,715,318
Lucia,Der Ger�t,856,548
Liam,Simba-L�we,903,172
Hurlee,Tischkicker,842,644
Dilan,Fernsteuerauto,849,190
Horatius,Simba-L�we,762,844
Finlay,Parf�m,409,67
Brigg,Murmelbahn,842,905
Maxi,4Gewinnt,420,971
Cash,Kopfh�rer,521,928
Adelaida,Fernseher,287,810
Marnia,Socken,505,226
Marlene,C++ f�r Einsteiger,11,150
Charlie,Laptop,269,288
Tadd,Handtasche,514,347
Gillian,4Gewinnt,827,113
Derek,Laptop,988,484
Helsa,Smartphone,160,737
Devonne,C++ f�r Einsteiger,331,528
Kylen,New Era Cappy,0,348
Janenna,Frisbee,816,418
Marianna,Nintendo64,290,446
Daveen,Skateboard,644,677
Flossie,Puppe,351,267
Joshia,Simba-L�we,445,471
Lianna,Schuhe,94,613
Shellysheldon,Handtasche,581,458
Franky,XXL Library,946,679
Novelia,Fu�ball,596,827
Dennie,XXL Library,218,891
Ginevra,New Era Cappy,272,392
Alejandra,Gitarre,253,605
Rufe,Geld,347,294
Jessie,4Gewinnt,490,158
Ferd,Handtasche,859,428
Ernestine,Schuhe,368,0
Conroy,Handtasche,934,415
Felipa,Thermobecher,822,904
Micheal,Mundharmonika,764,523
Astrid,C++ f�r Einsteiger,477,262
Elena,Fu�ball,941,568
Georgie,Handtasche,819,984
Gregory,Spielzeugauto,659,848
Arleyne,4Gewinnt,966,405
Booth,Laptop,638,353
Basia,Milchaufsch�umer,168,365
Bernardina,New Era Cappy,26,377
Doyle,Stoffkatze,136,197
Link,Fernsteuerauto,500,563
Mathe,Simba-L�we,659,127
Chrissie,Kaffeemaschine,78,922
Ximenez,Fotoalbum,906,582
Osborn,Tischkicker,519,60
Marjy,Fu�ball,213,168
Marcellina,Gitarre,583,560
Wood,Tischkicker,49,622
Anallese,New Era Cappy,593,421
Malachi,Jojo,665,164
Abbi,Nintendo64,594,262
David,Tischkicker,379,18
Doralia,Skateboard,494,143
Francene,Fu�ball,783,6
Cecile,4Gewinnt,282,874
Lorelei,4Gewinnt,9,44
Becka,Fu�ball,567,415
Jard,Kopfh�rer,962,6
Dorothea,Fu�ball,521,205
Jefferey,Parf�m,172,262
Bud,Mundharmonika,151,803
Clevey,Stoffkatze,620,724
Godard,Fernsteuerauto,317,724
Pennie,Keyboard,596,45
Constantin,Kaffeemaschine,610,197
Jordain,Smartphone,733,919
Waiter,Keyboard,344,798
Hogan,Monopoly,492,3
Sullivan,Parf�m,272,354
Loren,Tischkicker,975,297
Auguste,4Gewinnt,96,314
Corissa,Fernseher,236,877
Chaddy,Rubix Cube,294,711
Yance,Spielzeugauto,948,549
Amos,SNES,825,531
Paolo,Mundharmonika,156,615
Worth,Monopoly,854,743
Consuela,Thermobecher,435,282
Bernelle,Milchaufsch�umer,952,371
Catha,Eisenbahn,583,962
Gian,Mundharmonika,885,163
Margi,Thermobecher,4,744
Helenelizabeth,Selbstgestrickter Pulli,751,657
Donielle,Gitarre,620,925
Faunie,Skateboard,719,641
Jobina,Dartscheibe,682,785
Dolley,Taschenlampe,417,894
Buiron,Laptop,846,585
Manda,Fu�ball,529,768
Vasilis,Parf�m,515,913
Thorndike,Laptop,325,323
Bebe,Pferdekalender,178,701
Levey,Kopfh�rer,70,901
Joice,Taschenlampe,659,877
Leoine,Taschenlampe,690,713
Hope,Eisenbahn,21,78
Amery,Rubix Cube,772,292
Heddie,New Era Cappy,421,712
Kathryne,Frisbee,827,780
Neda,Fu�ball,225,650
Elsey,Selbstgestrickter Pulli,467,976
Ofelia,Dartscheibe,441,669
Mona,Smartphone,242,495
Blanch,Skateboard,315,30
Greg,Simba-L�we,878,409
Emmit,Murmelbahn,917,650
Claudie,Thermobecher,228,56
Fonsie,Kopfh�rer,111,600
Eleanora,Puppe,705,212
Hayyim,XXL Library,996,841
Standford,Schlauchschal,798,918
Killian,Rubix Cube,995,724
Lura,Puppe,155,72
Melessa,Dartscheibe,742,465
Anya,New Era Cappy,774,334
Dame,Monopoly,40,389
Felice,New Era Cappy,219,524
Nev,Simba-L�we,143,216
Dani,Handtasche,332,557
Dillie,Rubix Cube,632,277
Latia,Fernseher,306,262
Engracia,Nintendo64,694,195
Catlaina,Baukl�tze,139,991
Giuditta,Eisenbahn,201,739
Garrett,Simba-L�we,405,315
Carmela,Pferdekalender,953,913
Asia,Nintendo64,640,191
Bernardo,Parf�m,79,45
Christoph,Stoffkatze,561,936
Terence,Monopoly,937,470
Janeva,Thermobecher,668,374
Kelby,SNES,862,63
Yulma,Laptop,892,663
Mendel,Handtasche,275,903
Genevieve,Skateboard,721,168
Flossie,Puppe,145,617
Norton,Geld,609,224
Cahra,Baukl�tze,483,702
Ferrell,Fotoalbum,621,835
Garwood,Rubix Cube,501,74
Caesar,Kaffeemaschine,307,762
Cris,Eisenbahn,982,211
Iona,Nintendo64,477,87
Jo,SNES,137,657
Adolphus,Kaffeemaschine,906,52
Camile,Thermobecher,682,981
Berne,Laptop,797,817
Blane,Fotoalbum,301,131
Christoph,Stoffkatze,206,448
Thatch,Fotoalbum,509,726
Wade,Rubix Cube,560,244
Chucho,SNES,255,396
Leanora,Dartscheibe,987,608
Brewer,Parf�m,849,203
Alf,Stoffkatze,539,699
Neel,Monopoly,777,951
Natalie,New Era Cappy,176,720
Irwinn,Gamepad,842,919
Mikol,Gamepad,849,829
Emilio,Parf�m,691,848
Emmalyn,Taschenlampe,492,728
Hazel,4Gewinnt,673,546
Bartlet,Simba-L�we,122,151
Helen,Fu�ball,833,293
Bearnard,Puzzle,599,130
Barby,Frisbee,772,851
Griffy,SNES,483,951
Cathee,Nintendo64,575,451
Harriot,Fernseher,995,217
Aeriela,Nintendo64,955,164
Stillman,XXL Library,427,698
Jude,Rubix Cube,802,416
Drona,Skateboard,818,298
Goldina,Schuhe,204,328
Lynnelle,Der Ger�t,620,191
Donielle,Gitarre,934,770
Donni,Seife,320,574
Esta,Taschenlampe,618,322
Homer,Roter Hut,994,228
Pacorro,Fotoalbum,652,591
Mortimer,Schlauchschal,912,653
Mead,Monopoly,434,133
Antone,Simba-L�we,50,51
Gwen,Fernseher,355,786
Carlita,New Era Cappy,515,388
Ferdinanda,Pferdekalender,632,104
Krystal,4Gewinnt,596,975
Anderson,Mundharmonika,872,921
Anallese,New Era Cappy,926,612
Jeannette,Intelligente Knete,6,221
Leilah,Intelligente Knete,720,621
Ignacio,Simba-L�we,362,787
Rand,Laptop,255,50
Bartholomeo,Handtasche,266,39
Amii,Der Ger�t,843,199
Trumann,XXL Library,158,926
Gabi,Frisbee,17,278
Madelin,Puppe,987,752
Any,Spielzeugauto,546,749
Jorie,Seife,223,433
Georgette,Frisbee,848,944
Sawyer,Monopoly,223,520
Harland,Tischkicker,459,192
Larine,Skateboard,426,472
Parry,Puzzle,7,988
Etti,Gitarre,459,812
Ulrich,Roter Hut,427,860
Kelley,Keyboard,726,361
Pat,4Gewinnt,443,258
Marijn,XXL Library,775,825
Sherlocke,Stoffkatze,65,149
Hannis,Smartphone,6,902
Temple,Tischkicker,48,48
Leland,Schuhe,445,577
Annamarie,Selbstgestrickter Pulli,517,108
Geno,Schlauchschal,261,569
Olag,Kaffeemaschine,943,139
Kennie,Gamepad,310,23
Evvy,Thermobecher,628,287
Ellyn,Milchaufsch�umer,964,279
Wilfrid,Kaffeemaschine,695,497
Bambie,Baukl�tze,908,868
Claretta,Der Ger�t,994,430
Jaime,Mundharmonika,401,472
Massimiliano,Handtasche,228,819
Lexie,Der Ger�t,227,86
Issiah,Simba-L�we,292,213
Nerty,Baukl�tze,520,960
Lion,SNES,132,832
Ulberto,Kopfh�rer,386,97
Ariella,Baukl�tze,95,657
Hazel,4Gewinnt,260,172
Bev,Schlauchschal,33,197
Scarface,Kaffeemaschine,160,660
Raffaello,Stoffkatze,675,8
Barbaraanne,Ebook-Reader,603,345
Meris,Selbstgestrickter Pulli,819,542
Martita,Frisbee,456,920
Harbert,Puzzle,934,784
Georges,Roter Hut,486,904
Lincoln,Fotoalbum,35,925
Nicky,Milchaufsch�umer,646,431
Vernon,Gamepad,540,15
Carole,Seife,380,19
Kassandra,C++ f�r Einsteiger,238,575
Kaspar,Kaffeemaschine,965,598
Filippo,XXL Library,609,572
Robin,Kopfh�rer,460,174
Morse,Tischkicker,956,160
Donalt,Schlauchschal,357,314
Hunfredo,Geld,176,509
Laverna,Fu�ball,885,142
Bertram,Tischkicker,103,285
Wood,Tischkicker,107,841
Angie,Kopfh�rer,777,772
Hughie,XXL Library,621,470
Dael,Laptop,701,333
Alexa,Skateboard,593,43
Michaela,Ebook-Reader,894,952
Lela,4Gewinnt,886,58
Aidan,Fernseher,279,952
Codie,Parf�m,51,90
Emmalynne,Puppe,752,361
Cecily,Frisbee,756,339
Kally,Fu�ball,827,14
Matteo,Stoffkatze,844,467
Fairleigh,Keyboard,554,865
Camille,Taschenlampe,550,524
Drusilla,Ebook-Reader,906,515
Neel,Monopoly,277,753
Aggy,Seife,189,591
Gan,Geld,330,80
Nola,Ebook-Reader,835,137
Corabel,Puppe,859,150
Fredelia,Skateboard,963,656
Engelbert,Gamepad,995,263
Karon,Pferdekalender,641,239
Jeffie,Laptop,818,329
Darice,Fu�ball,826,697
Raymund,Roter Hut,61,140
Harold,Monopoly,443,458
Filmore,Keyboard,292,383
Charlotta,Ebook-Reader,916,810
Estella,Pferdekalender,348,133
Clement,Roter Hut,97,240
Baryram,Spielzeugauto,730,742
Debbie,New Era Cappy,232,538
Esmeralda,Milchaufsch�umer,333,89
Nedi,Eisenbahn,205,7
Alikee,Thermobecher,188,688
Webster,Fernsteuerauto,123,953
Cherry,Smartphone,998,616
Malvina,Puppe,261,685
Gus,Tischkicker,111,310
Raffaello,Stoffkatze,763,618
Zelig,Fotoalbum,699,213
Joanie,Nintendo64,608,599
Rog,XXL Library,97,611
Brigg,Murmelbahn,326,368
Eryn,Frisbee,391,657
Norma,Puppe,956,225
Prentiss,Mundharmonika,931,823
Miguel,Puzzle,997,835
Fallon,Fu�ball,364,912
Fayina,Intelligente Knete,406,87
Aidan,Fernseher,77,310
Nelia,C++ f�r Einsteiger,517,40
Janelle,Schuhe,596,223
Andree,Eisenbahn,729,356
Bertie,Murmelbahn,593,958
Arin,Laptop,951,871
Gabriel,New Era Cappy,353,69
Helen,Fu�ball,166,206
Mada,Schuhe,632,250
Ernestus,Fernsteuerauto,377,468
Riobard,Geld,87,70
Alleen,Selbstgestrickter Pulli,316,292
Bertie,C++ f�r Einsteiger,544,88
Rand,Laptop,861,722
Pieter,Simba-L�we,510,373
Antonella,4Gewinnt,599,892
Ernst,Rubix Cube,487,102
Dyana,Thermobecher,972,967
Conny,Jojo,557,337
Freddie,Socken,638,128
Kelli,Der Ger�t,589,36
Ofilia,Seife,710,771
Berthe,Nintendo64,34,684
Dick,Fotoalbum,928,628
Cherey,Puppe,953,925
Clementius,Handtasche,60,844
Bondy,XXL Library,103,657
Smitty,XXL Library,703,948
Ame,Seife,539,702
Melania,C++ f�r Einsteiger,497,412
Bronnie,Simba-L�we,85,473
Marnia,Socken,804,155
Jobi,Gitarre,466,149
Andre,Laptop,65,757
Cecily,Frisbee,841,94
Darsie,Smartphone,928,384
Olivia,Der Ger�t,276,911
Elnora,Taschenlampe,421,914
Peyton,Monopoly,217,806
Thaine,Tageslichtwecker,226,505
Augustin,Murmelbahn,720,315
Drucill,Der Ger�t,65,408
Alleyn,Puzzle,558,91
Benny,Ebook-Reader,475,337
Jeanie,Fernseher,948,420
Tully,Laptop,281,158
Audy,Intelligente Knete,559,658
Kalindi,Pferdekalender,899,89
Glynda,Der Ger�t,396,514
Hayward,SNES,125,355
Gunner,Puzzle,448,246
Connie,Kopfh�rer,587,599
Fredrick,Jojo,778,766
Norma,Puppe,568,790
Lindi,Seife,176,944
Alvin,Kaffeemaschine,28,948
Cele,New Era Cappy,100,736
Liz,Selbstgestrickter Pulli,890,395
Irwinn,Gamepad,199,776
Carmelina,Fu�ball,131,701
Kingsley,Parf�m,610,524
Evyn,Kaffeemaschine,32,361
Joelie,Ebook-Reader,195,791
Thurstan,Tischkicker,915,670
Kimble,Keyboard,836,447
Delores,Der Ger�t,626,903
Jolene,Pferdekalender,514,740
Toby,Stoffkatze,939,461
Matias,Fotoalbum,872,248
Gerri,Rubix Cube,47,497
Fanny,Smartphone,46,137
Evelina,Schuhe,851,89
Jesse,Fotoalbum,613,18
Rex,Jojo,509,926
Winthrop,Laptop,733,80
Junina,Baukl�tze,443,969
Sigismond,Puzzle,106,760
Carlina,Frisbee,874,16
June,Socken,413,165
Katusha,Eisenbahn,988,217
Bartholomeo,Handtasche,453,668
Nadya,C++ f�r Einsteiger,240,88
Karilynn,Baukl�tze,602,855
See,Fernsteuerauto,882,808
Buffy,Seife,187,26
Carly,Parf�m,410,797
Chrysler,Pferdekalender,812,51
Charline,Fernseher,601,652
Guinevere,Dartscheibe,147,543
Broddie,Jojo,27,607
Bryant,Rubix Cube,138,174
Caresse,Dartscheibe,65,827
Craggie,Schlauchschal,663,782
Ciel,Selbstgestrickter Pulli,725,584
Coletta,Socken,323,291
Estele,Puppe,212,119
Sampson,Rubix Cube,28,144
Denny,Milchaufsch�umer,22,639
Greg,Simba-L�we,966,22
Gustaf,Gamepad,277,76
Willdon,Tageslichtwecker,365,97
Darda,Taschenlampe,431,350
Muffin,Roter Hut,950,102
Gay,C++ f�r Einsteiger,153,814
Niki,Eisenbahn,162,775
Malissa,New Era Cappy,826,669
Anderea,Puppe,696,372
Jaimie,Seife,697,279
Caresa,Gitarre,815,805
Krystal,4Gewinnt,789,201
Darleen,Eisenbahn,926,361
Ingeberg,Pferdekalender,537,791
Douglass,Tageslichtwecker,790,242
Laura,Intelligente Knete,363,72
Kerri,Milchaufsch�umer,416,397
Miles,Schlauchschal,366,22
Friederike,Intelligente Knete,684,988
Eugenia,Seife,742,803
Fredek,Gamepad,313,593
Arlen,Puzzle,270,466
Lanae,Nintendo64,5,915
Natividad,Puppe,15,590
Madonna,Nintendo64,936,776
Christie,Tageslichtwecker,698,335
Daile,Taschenlampe,192,962
Cynthia,Intelligente Knete,293,859
Kara-lynn,Smartphone,874,894
Ravi,Monopoly,814,614
Sheff,Monopoly,334,561
Iago,Jojo,538,514
Kelsey,Mundharmonika,236,94
Addie,Schlauchschal,315,938
Aksel,Rubix Cube,35,379
Misha,Thermobecher,168,340
Paxon,Stoffkatze,724,960
Inger,Fu�ball,886,939
Melania,C++ f�r Einsteiger,66,152
Mariya,Thermobecher,279,320
Tomkin,XXL Library,113,993
Hermia,Skateboard,770,748
Ancell,Keyboard,563,236
Bradley,Roter Hut,775,295
Isidro,Kaffeemaschine,271,175
Clarance,Laptop,620,696
Jacinda,New Era Cappy,730,381
Layne,Nintendo64,33,478
Aura,Frisbee,793,468
Jilleen,Thermobecher,5,531
Pail,SNES,801,175
Riley,Parf�m,497,488
Melva,Thermobecher,413,590
Broderic,Roter Hut,479,418
Rob,Tischkicker,987,220
Jarrod,Simba-L�we,1,854
Weston,Murmelbahn,798,24
Sollie,Keyboard,356,952
Hurlee,Tischkicker,59,262
Alexander,Kaffeemaschine,210,555
Daniella,Socken,247,895
Dodie,Milchaufsch�umer,197,679
Engelbert,Gamepad,344,449
Derek,Laptop,320,581
Charo,Frisbee,652,121
Gauthier,Mundharmonika,717,158
Myrlene,Taschenlampe,827,372
Leanna,Gitarre,678,62
Amby,Fernsteuerauto,413,400
Gayel,Smartphone,718,31
Lissi,Thermobecher,549,330
Dougie,Simba-L�we,291,779
Any,Spielzeugauto,182,589
Jud,Spielzeugauto,335,556
Conn,Monopoly,884,308
Bunnie,Socken,221,113
Charline,Fernseher,579,583
Clotilda,Smartphone,358,331
Alison,Pferdekalender,475,834
Alistair,Mundharmonika,932,100
Ellyn,Milchaufsch�umer,55,557
Freddie,Tischkicker,778,718
Angie,Kopfh�rer,607,6
Ham,Rubix Cube,899,581
Westleigh,Puzzle,939,496
Fayina,Intelligente Knete,698,626
Olia,Skateboard,691,856
Kerri,Milchaufsch�umer,743,11
Octavius,Monopoly,908,309
Burtie,Schlauchschal,718,172
Burnaby,Tischkicker,590,376
Idette,Baukl�tze,447,779
Zebulen,Kaffeemaschine,742,138
Alyson,Taschenlampe,378,397
Ave,Monopoly,68,268
Orazio,XXL Library,548,269
Laryssa,Der Ger�t,642,382
Vassili,Laptop,164,217
Ameline,Skateboard,205,477
Nobe,Tageslichtwecker,198,239
Alberto,Puzzle,500,184
Gaspar,SNES,968,662
Josie,Ebook-Reader,775,735
Melantha,Smartphone,244,846
Dorothea,Fu�ball,296,56
Normie,Keyboard,852,967
Aura,Frisbee,82,63
Anetta,Gitarre,12,54
Kirsten,4Gewinnt,964,105
Hanson,Geld,910,506
Curran,Fernsteuerauto,587,866
Edan,Tageslichtwecker,811,15
Marjorie,Pferdekalender,484,389
Egbert,Laptop,327,629
Matty,XXL Library,314,654
Stacee,Murmelbahn,116,138
Bette-ann,Fernseher,696,480
Bryce,SNES,223,34
Blondelle,Intelligente Knete,146,910
Elianore,Gitarre,800,563
Arte,Simba-L�we,459,179
Ravi,Monopoly,316,926
Roscoe,Handtasche,196,857
Dante,Tageslichtwecker,122,252
Silvio,Kopfh�rer,526,101
Hulda,Nintendo64,23,22
Nilson,Handtasche,504,733
Lorry,C++ f�r Einsteiger,403,609
Margaret,Ebook-Reader,371,976
Fair,XXL Library,854,948
Thurstan,Tischkicker,593,855
Liva,Pferdekalender,692,786
Katerina,Socken,768,129
Corney,Keyboard,193,980
Jarred,Handtasche,428,643
Arther,Fotoalbum,749,436
Liva,Pferdekalender,602,508
Byrann,Jojo,155,426
Letisha,Seife,305,3
Hurlee,Tischkicker,802,508
Mariska,New Era Cappy,304,458
Westleigh,Puzzle,802,69
Angy,Ebook-Reader,429,238
Morey,Mundharmonika,631,960
Orelie,Eisenbahn,859,29
Garvy,Fernsteuerauto,847,685
Avigdor,Roter Hut,891,391
Crysta,Seife,962,108
Flss,Pferdekalender,359,738
Bud,Mundharmonika,518,527
Leland,Schuhe,548,849
Alisun,Fu�ball,900,978
Alison,Pferdekalender,44,119
Odilia,Gitarre,233,370
Crystie,Socken,758,200
Chev,Schlauchschal,696,372
Rodd,Simba-L�we,788,775
Garwood,Rubix Cube,865,681
Kaitlynn,New Era Cappy,869,509
Jaquelin,C++ f�r Einsteiger,308,995
Nelia,C++ f�r Einsteiger,920,354
Beatrix,Puppe,602,153
Francklyn,Fernsteuerauto,330,505
Haskel,Fotoalbum,690,886
Dav,Puzzle,442,975
Gwenora,Frisbee,988,989
Nicolais,Geld,441,461
Asia,Nintendo64,345,608
Minta,Fernseher,269,860
Hildagarde,Frisbee,801,559
Antons,Stoffkatze,198,234
Colleen,Skateboard,547,679
Corine,Baukl�tze,890,395
Marget,Milchaufsch�umer,345,546
Eward,Simba-L�we,783,703
Aviva,C++ f�r Einsteiger,119,159
Anastasia,Milchaufsch�umer,786,708
Dunn,Geld,845,539
Bradney,Handtasche,851,239
Maribel,C++ f�r Einsteiger,354,798
Farley,Geld,691,916
Ody,Roter Hut,197,348
Alric,Jojo,241,275
Link,Fernsteuerauto,428,706
Benjy,Simba-L�we,190,793
Herve,Fotoalbum,8,492
Misty,Puppe,498,734
Annadiana,Pferdekalender,830,768
Royal,Spielzeugauto,815,459
Emlyn,Laptop,239,859
Dorotea,Pferdekalender,597,146
Wilt,Rubix Cube,489,59
Pearce,Fernsteuerauto,269,827
Lethia,Dartscheibe,590,419
Denver,Mundharmonika,733,814
Parke,Laptop,588,668
Max,Laptop,672,331
Berny,Pferdekalender,660,553
Isador,Kopfh�rer,324,631
Laureen,Frisbee,992,912
Osborn,Tischkicker,822,452
Aldrich,Monopoly,362,983
Katusha,Eisenbahn,27,697
Nicola,Thermobecher,920,670
Filmore,Keyboard,418,148
Liesa,Taschenlampe,152,74
Ekaterina,Frisbee,690,590
Sholom,SNES,509,880
Robin,Kopfh�rer,951,483
Kiah,Nintendo64,968,137
Gregorio,Stoffkatze,824,87
Lonni,Baukl�tze,439,244
Emilia,Schuhe,765,139
Robinson,Jojo,779,159
Jorry,Socken,24,580
Jo ann,Fu�ball,876,138
Corena,Gitarre,925,319
Kaspar,Kaffeemaschine,0,912
Nathalia,Taschenlampe,78,954
Jo-anne,Eisenbahn,161,343
Zedekiah,Tageslichtwecker,657,664
Vernen,Tischkicker,811,913
Randall,Geld,151,922
Gayler,Murmelbahn,939,652
Cynthia,Intelligente Knete,641,530
Basia,Milchaufsch�umer,943,812
Alvy,Simba-L�we,912,985
Rafaellle,Tageslichtwecker,333,873
Casper,Jojo,193,874
Leora,Nintendo64,892,209
Gizela,Nintendo64,790,273
Rainer,SNES,787,226
Lizette,C++ f�r Einsteiger,430,789
Elaine,New Era Cappy,317,620
Maia,Baukl�tze,908,895
Jocelyn,Skateboard,121,422
Miguel,Puzzle,936,514
Clarance,Laptop,4,153
Krista,Socken,898,767
Padraig,Fernsteuerauto,192,618
Jill,New Era Cappy,326,286
Barbie,Schuhe,518,399
Alonso,Schlauchschal,561,227
Shell,Roter Hut,300,367
Osborn,Tischkicker,575,66
Dillie,Rubix Cube,321,733
Abigale,Gitarre,786,441
Charity,Skateboard,294,786
Didi,Baukl�tze,425,520
Brier,Ebook-Reader,889,408
Raviv,Kopfh�rer,587,777
Brandea,Selbstgestrickter Pulli,591,984
Brodie,Handtasche,745,900
Pammie,Der Ger�t,305,430
Jessy,Schuhe,561,186
Bel,C++ f�r Einsteiger,128,508
Maribel,C++ f�r Einsteiger,557,372
Morris,Murmelbahn,822,472
Bayard,Laptop,464,744
Jacqui,Smartphone,411,656
Louella,Seife,690,827
Thatch,Fotoalbum,585,578
Jamima,Skateboard,923,675
Cicely,Eisenbahn,652,334
Correna,Schuhe,846,494
Maxim,Geld,24,111
Gaylord,Tischkicker,349,280
Ciro,Keyboard,9,864
Michal,4Gewinnt,208,833
Charmain,Intelligente Knete,761,672
Webb,Spielzeugauto,730,552
Minni,Baukl�tze,326,718
Jordain,Smartphone,680,280
Brenden,Rubix Cube,286,446
Durant,Murmelbahn,302,312
Marcus,SNES,395,272
Tadeo,Simba-L�we,930,371
Zach,Tischkicker,94,871
Gizela,Nintendo64,693,656
Staffard,Tischkicker,221,304
Aila,Ebook-Reader,775,129
Walton,Schlauchschal,252,629
Curt,SNES,349,839
Ericha,Socken,150,217
Burr,Gamepad,16,745
Alica,Schuhe,849,836
Georgeanne,4Gewinnt,178,228
Anallese,New Era Cappy,458,869
Lela,4Gewinnt,632,20
Adorne,Taschenlampe,700,883
Antoine,Kaffeemaschine,260,162
Eldin,Murmelbahn,78,6
Myron,Fernsteuerauto,763,798
Lorenzo,Gamepad,378,568
Demetra,Intelligente Knete,385,764
Dov,Fotoalbum,196,427
Damiano,Kopfh�rer,472,496
Merill,Tageslichtwecker,771,764
Cathrin,Dartscheibe,31,150
Harlie,Seife,792,662
Augustin,Murmelbahn,764,82
Major,Kopfh�rer,102,543
Cchaddie,Kaffeemaschine,698,365
Paula,Thermobecher,507,302
Nanon,Ebook-Reader,409,592
Annissa,Socken,839,51
Hermine,Baukl�tze,159,267
Royce,Fernsteuerauto,817,403
Cherida,Fu�ball,399,127
Bruno,Fernsteuerauto,986,1000
Lyndell,Smartphone,622,401
Baird,Spielzeugauto,135,331
Alejandra,Gitarre,203,656
Delmor,Fotoalbum,640,856
Jinny,Pferdekalender,469,994
Clemmy,Eisenbahn,183,874
Krishna,Tageslichtwecker,592,133
Parke,Laptop,244,706
Skye,Spielzeugauto,409,641
Norbie,SNES,685,776
Kirsti,Schuhe,156,563
Kerwinn,Simba-L�we,425,857
Mead,Monopoly,910,527
Esme,Parf�m,790,379
Constantin,Kaffeemaschine,283,313
Hamilton,XXL Library,783,827
Ermanno,Stoffkatze,595,642
Charmine,Schuhe,451,861
Broderic,Roter Hut,613,299
Lorita,Fu�ball,242,34
Basil,Fernsteuerauto,838,310
Erich,Simba-L�we,893,287
Regen,Rubix Cube,278,172
Marylinda,Eisenbahn,666,97
Max,Laptop,950,873
Edithe,Der Ger�t,649,0
Deerdre,Nintendo64,39,242
Charmine,Schuhe,15,761
Diandra,Dartscheibe,474,529
Carma,Puppe,346,549
Gian,Mundharmonika,22,3
Chane,Mundharmonika,771,554
Natalie,New Era Cappy,636,100
Martin,Schlauchschal,748,533
Linnell,Ebook-Reader,427,194
Blondy,4Gewinnt,845,903
Abdel,XXL Library,787,174
Sanders,Keyboard,375,626
Wynn,Kaffeemaschine,401,813
Kellsie,Ebook-Reader,558,485
Dorita,Taschenlampe,666,265
Adi,New Era Cappy,538,12
Heidi,Puppe,629,74
Berkie,XXL Library,261,748
Marty,Monopoly,854,252
Jessy,Schuhe,916,847
Auroora,Puppe,627,88
Kari,Socken,959,401
Irma,Dartscheibe,801,610
Lyndsey,Gitarre,80,56
Maxim,Geld,573,688
Garfield,Jojo,255,461
Dev,Kopfh�rer,866,706
Neysa,Schuhe,386,17
Parke,Laptop,551,155
Riccardo,Tageslichtwecker,440,611
Yulma,Laptop,61,979
Merridie,Dartscheibe,870,742
Corbie,Stoffkatze,363,188
Letisha,Seife,169,637
Cindi,Smartphone,641,903
Aymer,Tageslichtwecker,234,388
Lorry,C++ f�r Einsteiger,352,914
Anselma,Der Ger�t,594,812
Parry,Puzzle,662,321
Trumaine,SNES,417,2
Alain,SNES,284,949
Zechariah,Simba-L�we,105,719
Shem,Kaffeemaschine,448,702
Lanita,Gitarre,443,937
Scotti,Tageslichtwecker,694,829
Jamima,Skateboard,439,799
Pepillo,Parf�m,976,203
Allen,Geld,945,427
Cull,Simba-L�we,610,952
Ernaline,4Gewinnt,244,103
Brinna,New Era Cappy,470,201
Thom,Keyboard,815,115
Crosby,Kaffeemaschine,215,470
Miguelita,Puppe,339,283
Jacquetta,C++ f�r Einsteiger,521,468
Fabian,Rubix Cube,511,404
Urson,Stoffkatze,342,972
Annamarie,Selbstgestrickter Pulli,81,481
Tye,Puzzle,24,115
Fabian,Rubix Cube,202,144
Kincaid,Mundharmonika,877,774
Misty,Puppe,722,7
Fay,Fernseher,349,579
Verge,Puzzle,203,558
Ethelred,Murmelbahn,214,684
Theobald,Rubix Cube,987,946
Audrey,Fernseher,942,657
Noelle,Der Ger�t,687,772
Loy,Kaffeemaschine,254,420
Cherey,Puppe,389,612
Gale,Keyboard,170,512
Hedda,Frisbee,900,300
Lane,Puzzle,91,258
Van,Keyboard,407,941
Hali,Pferdekalender,518,42
Ferdinanda,Pferdekalender,269,798
Beryl,Gitarre,983,816
Frayda,Dartscheibe,392,789
Charisse,Socken,428,410
Lotty,Dartscheibe,13,400
Richie,Spielzeugauto,431,12
Clio,Nintendo64,665,7
Bord,Geld,305,582
Eve,4Gewinnt,295,561
Teddie,Geld,818,0
Christy,Taschenlampe,256,823
Modestine,Fu�ball,573,244
Marylynne,Selbstgestrickter Pulli,998,713
Dexter,Tageslichtwecker,561,123
Natividad,Puppe,740,752
Perceval,Laptop,334,380
Desiri,Pferdekalender,525,332
Mercy,Puppe,291,99
Farand,Dartscheibe,722,907